/*
Navicat MySQL Data Transfer

Source Server         : mysql-99
Source Server Version : 80020
Source Host           : 192.168.9.99:3306
Source Database       : plus

Target Server Type    : MYSQL
Target Server Version : 80020
File Encoding         : 65001

Date: 2020-08-17 17:07:59
*/

SET FOREIGN_KEY_CHECKS=0;

-- ----------------------------
-- Table structure for sys_captcha
-- ----------------------------
DROP TABLE IF EXISTS `sys_captcha`;
CREATE TABLE `sys_captcha` (
  `uuid` char(36) CHARACTER SET utf8 COLLATE utf8_general_ci NOT NULL COMMENT 'uuid',
  `code` varchar(6) CHARACTER SET utf8 COLLATE utf8_general_ci NOT NULL COMMENT '验证码',
  `expire_time` datetime DEFAULT NULL COMMENT '过期时间',
  PRIMARY KEY (`uuid`)
) ENGINE=InnoDB DEFAULT CHARSET=utf8 COMMENT='系统验证码';

-- ----------------------------
-- Records of sys_captcha
-- ----------------------------
INSERT INTO `sys_captcha` VALUES ('0020fc51-fdfa-4f67-845d-cf92f7646692', '2232', '2019-09-04 00:39:39');
INSERT INTO `sys_captcha` VALUES ('00ecf435-49d9-4975-8e44-4145a4c50820', '7424', '2020-07-20 16:44:16');
INSERT INTO `sys_captcha` VALUES ('02078e9a-6a06-4340-8bea-4cca3f720e92', '2314', '2019-09-16 16:39:22');
INSERT INTO `sys_captcha` VALUES ('024030c7-3b24-4ea5-8387-118f8618d035', '5355', '2019-08-08 10:11:13');
INSERT INTO `sys_captcha` VALUES ('02717952-6d8e-4886-8436-b70484dca33e', '3045', '2020-07-22 13:01:56');
INSERT INTO `sys_captcha` VALUES ('02845bd8-b970-433c-8e1c-954347b5f81d', '3900', '2020-05-15 17:18:10');
INSERT INTO `sys_captcha` VALUES ('02ad7cf4-e0df-4034-85da-1a0ee99a2065', '1138', '2019-09-03 22:37:45');
INSERT INTO `sys_captcha` VALUES ('02ae0d7b-1e46-4ced-8304-8e8fb476e953', '5798', '2019-09-22 23:51:10');
INSERT INTO `sys_captcha` VALUES ('02d4413f-d538-4d56-872a-8383590757bb', '9976', '2019-11-04 10:11:37');
INSERT INTO `sys_captcha` VALUES ('043605fb-160d-417a-857f-d9209547607f', '8869', '2019-12-28 19:32:07');
INSERT INTO `sys_captcha` VALUES ('0477c7b9-e584-4428-80b0-6a7eb9be5bd5', '8157', '2019-07-28 22:54:42');
INSERT INTO `sys_captcha` VALUES ('0594d093-cabf-425e-8da1-5cd886c91c0b', '1914', '2019-11-04 10:11:10');
INSERT INTO `sys_captcha` VALUES ('05fd2b7a-5dca-4504-8bf0-2826c21558da', '6987', '2020-01-09 10:09:37');
INSERT INTO `sys_captcha` VALUES ('0657053a-54f0-40dc-85ec-18b4234d0b56', '6581', '2020-03-27 21:11:42');
INSERT INTO `sys_captcha` VALUES ('0670d868-51f8-44c2-8ca1-84f280d26a0f', '3997', '2019-07-28 22:14:24');
INSERT INTO `sys_captcha` VALUES ('07c1ee55-05d6-47da-8814-2d8b292dcc55', '8353', '2019-09-20 17:52:14');
INSERT INTO `sys_captcha` VALUES ('0818c918-8820-4564-8ad1-2c53937fac6c', '1414', '2019-08-29 10:39:42');
INSERT INTO `sys_captcha` VALUES ('08778772-6d8e-488e-8bf0-d00b539d63b3', '8928', '2019-07-25 23:12:48');
INSERT INTO `sys_captcha` VALUES ('094d57cd-498a-426d-8383-9031dedae974', '4222', '2019-08-29 10:38:31');
INSERT INTO `sys_captcha` VALUES ('09ab1976-b059-4740-89ac-39317b6fc062', '8793', '2019-11-29 14:17:24');
INSERT INTO `sys_captcha` VALUES ('0a18fb88-7afc-4a5a-8b60-6b3a56458bf7', '8681', '2020-07-16 22:10:52');
INSERT INTO `sys_captcha` VALUES ('0ae39bfc-82b9-4b1f-8fba-5a60fe77a52e', '7753', '2019-11-04 16:05:23');
INSERT INTO `sys_captcha` VALUES ('0c78ab6a-31f4-4550-8a60-c573c95c7e35', '6994', '2020-07-22 14:26:38');
INSERT INTO `sys_captcha` VALUES ('0cc0d0c2-7012-414e-8dea-f87ee6cd7b9e', '6706', '2019-09-20 10:01:19');
INSERT INTO `sys_captcha` VALUES ('0d1c5ce5-ad8d-4c23-8089-9f629f72918c', '5481', '2019-09-19 14:06:40');
INSERT INTO `sys_captcha` VALUES ('0dab9f17-786d-4e99-8bcc-4a961b37b29e', '5649', '2020-07-22 10:57:22');
INSERT INTO `sys_captcha` VALUES ('0ed9f5ca-35ea-411e-8dd6-a7e4a3e37896', '5522', '2020-07-21 17:43:43');
INSERT INTO `sys_captcha` VALUES ('0f6f90fc-d9d9-485f-8e6b-6dc2f9c4b70c', '2613', '2020-05-15 17:18:14');
INSERT INTO `sys_captcha` VALUES ('123', '8219', '2020-08-17 14:46:19');
INSERT INTO `sys_captcha` VALUES ('12497e3a-89dc-4403-8f3e-007aca7f904b', '9631', '2020-07-22 15:46:35');
INSERT INTO `sys_captcha` VALUES ('12a80748-f90d-4705-84f0-f1f08684d4ff', '6263', '2020-07-22 18:52:17');
INSERT INTO `sys_captcha` VALUES ('13cb1726-6c24-4744-8ec9-499741efe011', '6077', '2020-04-23 11:27:43');
INSERT INTO `sys_captcha` VALUES ('14f39f83-96ae-4fe1-8f06-7bd86f1ef071', '3196', '2019-09-04 01:27:36');
INSERT INTO `sys_captcha` VALUES ('1593158e-2997-4dc6-8f7c-7608b9438b90', '5933', '2020-01-09 10:09:11');
INSERT INTO `sys_captcha` VALUES ('173e7b00-b87d-42ba-8303-3f0a0aecb027', '6831', '2019-09-06 03:46:56');
INSERT INTO `sys_captcha` VALUES ('182bb5e9-3dd7-42e4-816b-a22672c43001', '1465', '2020-01-06 13:23:13');
INSERT INTO `sys_captcha` VALUES ('1893dd40-1fe3-4f5a-8a79-bf8d22f60334', '4463', '2019-07-28 22:47:16');
INSERT INTO `sys_captcha` VALUES ('18afc358-919b-456b-878a-ea1fc033f40a', '1577', '2020-03-05 17:15:07');
INSERT INTO `sys_captcha` VALUES ('19f8d916-e916-40e3-8690-e8c4fefebdb2', '8633', '2019-07-23 12:28:33');
INSERT INTO `sys_captcha` VALUES ('1a840fd0-e56b-4cfb-8113-2de5faa13470', '8030', '2019-12-03 14:27:46');
INSERT INTO `sys_captcha` VALUES ('1bcc6514-c68f-4d5d-8f38-ef51efa1748e', '7029', '2020-05-13 21:26:54');
INSERT INTO `sys_captcha` VALUES ('1cb29537-ff7f-490a-8333-9c944bee279d', '9865', '2020-07-22 14:57:43');
INSERT INTO `sys_captcha` VALUES ('1d80dbfa-9ab5-422f-8d84-fed49b560d71', '6889', '2020-03-19 11:35:10');
INSERT INTO `sys_captcha` VALUES ('1dc6b83b-4437-4f70-8b12-b9c25ec74dae', '9280', '2019-08-08 03:18:28');
INSERT INTO `sys_captcha` VALUES ('206e2ead-02b1-44ce-8614-f25155a27156', '8540', '2020-07-22 14:56:48');
INSERT INTO `sys_captcha` VALUES ('20998cdc-43eb-49d8-87c7-8eb3ae83da5f', '4146', '2019-11-26 16:23:16');
INSERT INTO `sys_captcha` VALUES ('21137f05-1377-4759-83fe-094097b97ac6', '4600', '2019-08-07 21:56:40');
INSERT INTO `sys_captcha` VALUES ('21ccbe14-6bab-44dc-8636-9327ec1cddcf', '9384', '2019-11-04 17:25:40');
INSERT INTO `sys_captcha` VALUES ('22e2c85c-d676-403c-86f5-a08b07c05e0b', '7720', '2020-07-22 14:57:19');
INSERT INTO `sys_captcha` VALUES ('23cda67d-d279-46c9-8671-501514984236', '9377', '2020-03-23 17:45:58');
INSERT INTO `sys_captcha` VALUES ('23e1a751-06d6-4af8-8f0a-17f6580d7e9b', '1123', '2020-07-22 20:29:05');
INSERT INTO `sys_captcha` VALUES ('244af673-eba9-4c6e-8af2-bdead0bddd92', '6836', '2020-07-21 14:47:33');
INSERT INTO `sys_captcha` VALUES ('245c1ecc-816f-433a-8f83-2fca3237df5f', '3462', '2020-04-06 19:01:17');
INSERT INTO `sys_captcha` VALUES ('247b3c6c-e9e8-4ab0-897b-28056669a958', '8934', '2019-08-19 23:17:33');
INSERT INTO `sys_captcha` VALUES ('24a3400d-dabf-4ba1-8446-b5f8ab86423d', '7891', '2019-11-02 19:22:43');
INSERT INTO `sys_captcha` VALUES ('24f463f4-11f2-4a82-8d59-d48d259e424e', '2268', '2019-12-03 11:06:41');
INSERT INTO `sys_captcha` VALUES ('255ae8f6-d6c6-4c04-8d8a-37ef76099f2b', '4614', '2019-09-23 11:38:44');
INSERT INTO `sys_captcha` VALUES ('25e72fc2-20e4-47ff-8627-b18d60bcdb45', '2157', '2019-08-30 09:40:52');
INSERT INTO `sys_captcha` VALUES ('25f88e18-94e7-4f01-8cac-dbd74b76a92d', '4131', '2020-03-12 11:13:18');
INSERT INTO `sys_captcha` VALUES ('2602d49e-d83a-45fa-8057-7cd725691a25', '8127', '2019-12-04 15:33:09');
INSERT INTO `sys_captcha` VALUES ('26c83784-7039-41df-8e14-35d6a259ec19', '6250', '2019-12-30 17:29:30');
INSERT INTO `sys_captcha` VALUES ('2964f246-5193-45e1-8355-dd53a29c149a', '5495', '2019-07-23 16:35:01');
INSERT INTO `sys_captcha` VALUES ('298269d6-2073-44fd-810f-3ea9db750d51', '2142', '2019-09-17 22:52:13');
INSERT INTO `sys_captcha` VALUES ('2a342fa9-b56e-464e-89e9-f4771a0c821c', '2626', '2019-09-03 22:22:07');
INSERT INTO `sys_captcha` VALUES ('2a39fb4f-b169-4cbc-8fc3-ad2530ce8ba6', '9398', '2019-11-28 11:03:39');
INSERT INTO `sys_captcha` VALUES ('2a3f292e-2223-4097-87df-24cea2185f14', '3848', '2019-11-21 16:33:17');
INSERT INTO `sys_captcha` VALUES ('2a8ba37e-0f02-42dd-8382-370ba4382924', '1439', '2019-11-13 14:53:22');
INSERT INTO `sys_captcha` VALUES ('2ab49d35-eed6-44a3-8ab4-ddb667ca5fbf', '1461', '2019-09-18 21:09:34');
INSERT INTO `sys_captcha` VALUES ('2c432173-2a32-4499-8d73-82285f3ae7bb', '3476', '2019-12-30 16:57:01');
INSERT INTO `sys_captcha` VALUES ('2ce2b27d-41fe-428d-898f-3137a8c6eb44', '4872', '2019-11-21 16:32:14');
INSERT INTO `sys_captcha` VALUES ('2dadac7e-7b3d-484c-84c0-df49082446bc', '5222', '2020-07-17 18:36:57');
INSERT INTO `sys_captcha` VALUES ('2e6a759b-7127-446a-8cb2-c2e17234e6ed', '1036', '2019-08-16 17:56:58');
INSERT INTO `sys_captcha` VALUES ('2e782617-8406-4d56-82db-0592cf4d9de0', '5841', '2019-07-30 10:39:06');
INSERT INTO `sys_captcha` VALUES ('2edf52ce-0d7c-4f6f-805e-810f097bb2df', '4531', '2019-09-06 06:38:34');
INSERT INTO `sys_captcha` VALUES ('2f42f74a-d3b0-4a9f-8d4e-f19d2cfe0e06', '3479', '2019-12-30 16:57:10');
INSERT INTO `sys_captcha` VALUES ('2f6517f2-7e38-45fb-8595-0d33d252381e', '1443', '2019-07-24 17:22:21');
INSERT INTO `sys_captcha` VALUES ('32f33707-941f-48d6-8473-91a780791f07', '1952', '2019-11-26 16:22:21');
INSERT INTO `sys_captcha` VALUES ('3372daa6-ee2d-4aae-89bc-e6763ab1e7c2', '8777', '2019-11-19 09:47:21');
INSERT INTO `sys_captcha` VALUES ('34721661-392f-4961-8498-50648ebbab45', '2604', '2020-01-21 16:30:35');
INSERT INTO `sys_captcha` VALUES ('34c6030c-b590-4ff3-8e00-537cee003c00', '5572', '2019-09-16 17:19:45');
INSERT INTO `sys_captcha` VALUES ('36b79d0d-af5c-44a2-84f4-af2bdf3133ad', '8346', '2020-07-22 13:01:05');
INSERT INTO `sys_captcha` VALUES ('36b7d3b1-2eda-4eb5-8aa7-f29579dd3d58', '4840', '2019-09-19 21:57:24');
INSERT INTO `sys_captcha` VALUES ('36b82de7-035d-4e60-8989-811ce5b44d30', '6693', '2020-03-10 17:09:15');
INSERT INTO `sys_captcha` VALUES ('3792b564-4cf4-403c-8138-f7988f3aad88', '6866', '2020-04-06 19:01:57');
INSERT INTO `sys_captcha` VALUES ('37f6ce6b-0256-47b7-8a04-5f8084c5ad64', '1011', '2020-04-08 14:52:57');
INSERT INTO `sys_captcha` VALUES ('3820957a-fc38-48a7-8032-046715df51fa', '8573', '2019-12-03 11:06:07');
INSERT INTO `sys_captcha` VALUES ('389dcac3-8752-48c8-860d-7fcf1c4e467e', '4975', '2019-11-04 10:11:23');
INSERT INTO `sys_captcha` VALUES ('39454a89-4b38-49db-8a3e-f17ea3b2e492', '6370', '2019-09-19 13:20:43');
INSERT INTO `sys_captcha` VALUES ('3998de9a-0341-4dc1-819d-f3fb914530d0', '2494', '2019-11-05 21:27:37');
INSERT INTO `sys_captcha` VALUES ('3a1a0bb3-e5e8-4316-8229-eeaa23ca6bb2', '4466', '2020-07-21 14:47:46');
INSERT INTO `sys_captcha` VALUES ('3a616643-70ea-4e21-88e9-e13de0d6e4a0', '4996', '2019-11-04 10:12:46');
INSERT INTO `sys_captcha` VALUES ('3ac2e61c-cd01-4b74-8347-593fed70061f', '1906', '2019-12-03 14:27:34');
INSERT INTO `sys_captcha` VALUES ('3bffc034-9ae9-441d-8def-cac4f79d9a2b', '9679', '2019-12-09 09:55:48');
INSERT INTO `sys_captcha` VALUES ('3c77c527-2690-4dd2-8e11-3dae9305d103', '1169', '2020-04-23 11:28:25');
INSERT INTO `sys_captcha` VALUES ('3e079cce-4c14-4402-8b72-6a92feb9f4b0', '8052', '2020-07-22 19:00:50');
INSERT INTO `sys_captcha` VALUES ('3e6786e6-0381-4d7a-86b3-33901245c029', '2019', '2019-08-02 15:13:40');
INSERT INTO `sys_captcha` VALUES ('3effa286-7db9-432f-84cc-0c5d6dc1f150', '3903', '2019-09-17 21:55:00');
INSERT INTO `sys_captcha` VALUES ('3f52cfd7-9d67-4dab-8d06-5cfc3ffb4039', '7866', '2019-08-30 09:40:29');
INSERT INTO `sys_captcha` VALUES ('3f9e1109-071c-4f5e-85bb-014daec566ec', '9754', '2019-12-06 10:11:46');
INSERT INTO `sys_captcha` VALUES ('3fb6c780-2c55-4150-8b70-9f1b9cdea401', '7894', '2020-07-21 17:16:39');
INSERT INTO `sys_captcha` VALUES ('40fbe82f-9bfd-427d-8abe-c0cf442aea2d', '5803', '2019-11-29 11:40:05');
INSERT INTO `sys_captcha` VALUES ('41be1aec-0bb3-4f30-844b-4d59d15d6283', '3799', '2019-11-26 16:21:52');
INSERT INTO `sys_captcha` VALUES ('422a9f0b-219a-4fab-85e7-471748384c99', '8374', '2019-11-21 16:34:10');
INSERT INTO `sys_captcha` VALUES ('427ce1c2-000b-4728-8c9b-754419efc4d0', '4703', '2020-01-09 18:32:33');
INSERT INTO `sys_captcha` VALUES ('4322d4f4-6f2b-499b-8674-10de5bf74a66', '2733', '2019-11-28 11:03:31');
INSERT INTO `sys_captcha` VALUES ('435646af-dd8e-4209-8d1f-d596af917f6f', '9763', '2020-05-15 17:18:08');
INSERT INTO `sys_captcha` VALUES ('45de1ca4-6ae7-467e-8e70-155c4e489485', '5975', '2019-09-09 18:15:10');
INSERT INTO `sys_captcha` VALUES ('45e15939-956c-4160-832c-a293dad13057', '3400', '2019-07-23 13:21:31');
INSERT INTO `sys_captcha` VALUES ('45e563e3-c6a8-4e2e-8cd4-0d214d378034', '5782', '2019-09-19 13:23:15');
INSERT INTO `sys_captcha` VALUES ('47cf0dc6-a01c-4f94-8e1e-051a4e90f06c', '7940', '2019-09-02 12:50:51');
INSERT INTO `sys_captcha` VALUES ('47da9948-6e00-4360-8244-4704649dbcbd', '1193', '2020-02-19 18:09:45');
INSERT INTO `sys_captcha` VALUES ('4c15accb-86b0-49f9-81aa-fc3a9b1e9cc0', '5018', '2019-10-11 18:14:47');
INSERT INTO `sys_captcha` VALUES ('4cf7b0c0-213d-4be6-87cb-5ca57b674b9a', '5383', '2019-11-21 16:34:00');
INSERT INTO `sys_captcha` VALUES ('4d270730-fc9c-4f62-867a-63f0bef2e415', '5667', '2019-08-29 19:58:28');
INSERT INTO `sys_captcha` VALUES ('4d2e3f7e-01e4-4886-8d9d-41fe41d06575', '4028', '2020-07-22 13:00:13');
INSERT INTO `sys_captcha` VALUES ('4f32bf96-f2fc-4074-870e-a0b49ad80271', '9470', '2019-09-03 22:22:04');
INSERT INTO `sys_captcha` VALUES ('510bbafd-81db-4b12-8713-60ddc3811e2c', '2491', '2020-01-03 09:57:11');
INSERT INTO `sys_captcha` VALUES ('51b6c919-7e2f-4c05-8e20-5474df8e518b', '4054', '2019-08-26 15:51:33');
INSERT INTO `sys_captcha` VALUES ('51f685a4-4cb4-478d-82e4-eb59bbb87334', '4360', '2020-07-22 10:41:37');
INSERT INTO `sys_captcha` VALUES ('5263051b-832c-4c3b-82b8-ca5c2f9ea09a', '1570', '2019-08-30 09:38:51');
INSERT INTO `sys_captcha` VALUES ('52f04df2-7fa9-40ab-8981-4db391ae8276', '1138', '2020-07-14 11:36:59');
INSERT INTO `sys_captcha` VALUES ('537ce589-1089-42f1-808f-84e528ad8438', '6686', '2020-07-11 09:28:13');
INSERT INTO `sys_captcha` VALUES ('53e542e0-2379-4201-8a37-7369af2e75f3', '8853', '2020-04-23 11:26:56');
INSERT INTO `sys_captcha` VALUES ('5445', '1752', '2020-08-17 14:47:08');
INSERT INTO `sys_captcha` VALUES ('554f42ad-96fe-42de-8e86-e1cc3955c532', '5052', '2019-09-01 11:28:15');
INSERT INTO `sys_captcha` VALUES ('5af692c2-e2fd-42ac-8c74-b357fcfdc0fe', '8214', '2019-07-24 13:00:10');
INSERT INTO `sys_captcha` VALUES ('5af97031-6323-4a88-86d3-394576d399ee', '2920', '2020-01-17 12:24:56');
INSERT INTO `sys_captcha` VALUES ('5b97fb57-45a2-481b-8202-c8a2a66f270c', '8929', '2019-11-28 10:58:29');
INSERT INTO `sys_captcha` VALUES ('5ba9f7b6-7bb1-49ae-8724-4827a7078054', '8526', '2019-12-06 10:11:04');
INSERT INTO `sys_captcha` VALUES ('5c023c1d-63d8-47e8-87e7-1fe3777ea62f', '4447', '2019-11-29 14:16:19');
INSERT INTO `sys_captcha` VALUES ('5d98e8a7-430c-4c9c-876f-da09d10b1295', '9501', '2020-07-22 19:28:21');
INSERT INTO `sys_captcha` VALUES ('5d99f726-a2e8-46f6-83c4-52b710ff68b5', '5773', '2019-11-27 16:08:53');
INSERT INTO `sys_captcha` VALUES ('5dea672a-9e1f-4cac-84e9-b310267eaf0c', '4282', '2019-09-02 16:31:31');
INSERT INTO `sys_captcha` VALUES ('5e17a31a-9abd-4e99-8aa4-f126079db903', '5955', '2020-07-22 10:56:34');
INSERT INTO `sys_captcha` VALUES ('5e54709f-bb13-45a8-893c-a47f1c00365a', '2521', '2019-08-10 23:06:37');
INSERT INTO `sys_captcha` VALUES ('5f419d61-26ca-4c72-8680-1f2dc471e522', '7063', '2019-09-06 02:35:52');
INSERT INTO `sys_captcha` VALUES ('5fc16dc4-e740-495d-8ae0-02cb66d6119e', '7090', '2020-03-19 11:35:32');
INSERT INTO `sys_captcha` VALUES ('5fe94d83-0155-4ed1-8d01-aab7542f3c41', '3447', '2020-02-28 10:42:22');
INSERT INTO `sys_captcha` VALUES ('60f8e796-7808-4f75-864d-3e9eac3d6e57', '1922', '2020-04-06 19:01:04');
INSERT INTO `sys_captcha` VALUES ('61fe0466-e545-4241-89ee-8e8570db9621', '4510', '2020-05-15 17:17:40');
INSERT INTO `sys_captcha` VALUES ('633c379f-be5e-4ae1-88fc-e0cd166bed76', '8756', '2019-09-23 11:25:59');
INSERT INTO `sys_captcha` VALUES ('635d7b83-2846-4454-8e8a-103f2e90eff3', '2498', '2020-04-22 10:04:16');
INSERT INTO `sys_captcha` VALUES ('66637ed8-a064-4ecc-8362-769f043db9dc', '9738', '2019-12-04 15:40:42');
INSERT INTO `sys_captcha` VALUES ('6694601e-4304-4085-8bf1-073afca435dc', '3770', '2019-11-04 10:11:34');
INSERT INTO `sys_captcha` VALUES ('67e75932-69b1-462d-841f-8928efe9d037', '9844', '2019-12-04 15:46:00');
INSERT INTO `sys_captcha` VALUES ('6889ebb8-022c-4e1d-801a-09654b1832db', '5627', '2020-04-08 14:52:14');
INSERT INTO `sys_captcha` VALUES ('68c9ec92-c009-4832-881b-20a671032706', '2670', '2019-11-26 16:21:22');
INSERT INTO `sys_captcha` VALUES ('6ab4234d-8f2e-4eb7-81f7-18302eb1e98d', '5046', '2019-09-20 18:02:40');
INSERT INTO `sys_captcha` VALUES ('6b76ace2-e7f7-4c47-8ebb-26235ab6bbda', '2584', '2020-05-15 17:18:08');
INSERT INTO `sys_captcha` VALUES ('6c6b28a2-d58f-4711-8bb6-ee6d03f63eb5', '9637', '2020-01-03 13:01:32');
INSERT INTO `sys_captcha` VALUES ('6c6b82f1-4ca5-4d5f-8780-dc47e99c75b2', '7705', '2019-11-04 10:12:33');
INSERT INTO `sys_captcha` VALUES ('6e75a4fe-e5c2-4030-8cf6-f9e65afcad87', '5020', '2019-09-09 15:00:44');
INSERT INTO `sys_captcha` VALUES ('6f7f5dcd-c979-45a4-8c0c-4482af6e998d', '3427', '2020-07-22 13:00:30');
INSERT INTO `sys_captcha` VALUES ('6f986530-8b7c-4df6-8121-852b23861d78', '2977', '2019-09-17 21:11:54');
INSERT INTO `sys_captcha` VALUES ('70a10471-790b-459c-8c49-df9aa0c70496', '6757', '2020-07-22 14:57:29');
INSERT INTO `sys_captcha` VALUES ('73412d36-deab-4f05-889c-1d0e47c5e308', '1308', '2019-11-26 16:22:02');
INSERT INTO `sys_captcha` VALUES ('7368a5f2-9411-4874-8ece-14a937336ebf', '7226', '2019-12-06 20:08:21');
INSERT INTO `sys_captcha` VALUES ('7394d285-d1ba-4d91-8a93-ae2335a1b274', '7339', '2020-04-23 11:28:21');
INSERT INTO `sys_captcha` VALUES ('73d86d00-180a-4ebc-8519-e27e87274977', '7819', '2019-09-20 18:18:11');
INSERT INTO `sys_captcha` VALUES ('73db0d6f-6bbb-413e-8edc-fe52b017aa28', '6733', '2019-07-30 13:29:01');
INSERT INTO `sys_captcha` VALUES ('753e97ae-2b45-4289-8a24-e135ea0f154f', '6263', '2019-07-23 16:38:31');
INSERT INTO `sys_captcha` VALUES ('754ea389-5358-4442-8471-3db2d54d4088', '6173', '2020-07-21 15:27:20');
INSERT INTO `sys_captcha` VALUES ('77895f59-feea-4eaa-82ba-d297a63b4349', '8872', '2019-12-06 10:27:57');
INSERT INTO `sys_captcha` VALUES ('77a70486-8abe-4502-8944-2289f579ea0e', '8938', '2019-09-02 21:21:31');
INSERT INTO `sys_captcha` VALUES ('78aa17b1-258d-4627-87d8-cd996d4d390d', '1580', '2019-09-02 10:23:49');
INSERT INTO `sys_captcha` VALUES ('792da2e1-8f77-4f4e-87c0-f36de7b942aa', '4437', '2019-11-28 10:54:02');
INSERT INTO `sys_captcha` VALUES ('7a69bb34-ac6d-4695-886a-016e53671667', '7585', '2019-08-28 09:41:05');
INSERT INTO `sys_captcha` VALUES ('7b506709-9b35-4718-8316-e876400bdcf5', '1415', '2019-11-04 10:12:34');
INSERT INTO `sys_captcha` VALUES ('7b531643-6ff2-45ad-8944-df477c4d679e', '9761', '2019-07-24 15:45:05');
INSERT INTO `sys_captcha` VALUES ('7b7be5da-03b3-45b8-805b-df89d7503fad', '3133', '2019-07-25 09:46:19');
INSERT INTO `sys_captcha` VALUES ('7be99968-3fcd-40bd-8e9b-8e25574adfef', '7469', '2019-08-30 00:49:14');
INSERT INTO `sys_captcha` VALUES ('7ccbdfee-4fbb-4fdd-87d6-233f59f2c4e0', '6123', '2019-12-03 14:25:34');
INSERT INTO `sys_captcha` VALUES ('7ccf8aab-776e-4a77-8774-8f2f970a3f1c', '4315', '2020-01-09 10:09:03');
INSERT INTO `sys_captcha` VALUES ('7ce2d839-d676-49fc-831f-2bce9dce1d47', '2473', '2019-10-11 09:27:54');
INSERT INTO `sys_captcha` VALUES ('7d023030-8835-4b4b-8bd7-27dae1d59aed', '3894', '2020-05-11 00:30:40');
INSERT INTO `sys_captcha` VALUES ('7df2f6e1-fdaf-4545-88c2-097685b6ed98', '1017', '2020-07-22 14:57:22');
INSERT INTO `sys_captcha` VALUES ('7ec3c38c-fff4-4ad0-8dcb-566ee3049879', '1092', '2020-07-22 10:59:33');
INSERT INTO `sys_captcha` VALUES ('7fad7b7d-0761-4acb-8c4c-9157ae589eac', '3750', '2020-07-22 12:06:12');
INSERT INTO `sys_captcha` VALUES ('80783cba-a809-469a-89d9-454ee5ab9d12', '5949', '2019-09-20 18:21:24');
INSERT INTO `sys_captcha` VALUES ('81a51d38-b5bf-4758-8a17-0c178c7f3fe9', '6218', '2019-09-20 17:39:27');
INSERT INTO `sys_captcha` VALUES ('81cc6860-18d4-40e9-87fa-54b9c83c1ec4', '7339', '2020-03-19 11:35:51');
INSERT INTO `sys_captcha` VALUES ('82f6ad70-6e22-490d-8bc4-cc33851da465', '1280', '2019-09-19 14:14:48');
INSERT INTO `sys_captcha` VALUES ('83fd5811-1f41-4e7e-8f09-a22be3b790f2', '2917', '2019-09-18 17:22:57');
INSERT INTO `sys_captcha` VALUES ('84308d9d-d821-433a-8e41-a99751bcba91', '3510', '2019-11-04 10:12:41');
INSERT INTO `sys_captcha` VALUES ('84f7f20b-1497-41b0-827e-6a70d2a7e999', '9975', '2020-07-22 12:08:19');
INSERT INTO `sys_captcha` VALUES ('8531a443-42cb-4654-8025-f174422e9b53', '1926', '2019-09-16 17:14:04');
INSERT INTO `sys_captcha` VALUES ('867908b3-7935-479d-8dff-2f05aae624a9', '7882', '2020-07-22 12:17:37');
INSERT INTO `sys_captcha` VALUES ('87d197a0-c194-4345-8906-8dc54c984be5', '8788', '2019-08-07 22:15:10');
INSERT INTO `sys_captcha` VALUES ('8913c999-1cd8-4ef0-8d21-916ae17e49f5', '4266', '2019-07-28 22:12:57');
INSERT INTO `sys_captcha` VALUES ('8987d69b-187a-4b04-814c-1549a409cb51', '7175', '2019-08-27 12:10:52');
INSERT INTO `sys_captcha` VALUES ('8accec08-66f3-4617-8e02-db2ad7c4ff40', '6701', '2019-10-11 09:28:27');
INSERT INTO `sys_captcha` VALUES ('8c5d08d2-96b3-4e97-8071-9d9d2e7ff44c', '6245', '2019-12-30 16:56:50');
INSERT INTO `sys_captcha` VALUES ('8c65d4f8-f438-4be7-8dd3-11c9fc485047', '3458', '2020-07-22 12:12:45');
INSERT INTO `sys_captcha` VALUES ('8c748982-f93d-447e-8208-c829a07abbaf', '8115', '2019-09-20 17:44:07');
INSERT INTO `sys_captcha` VALUES ('8c8d0286-e571-4d30-8b5b-cb9092dda4a1', '8808', '2019-09-04 01:09:12');
INSERT INTO `sys_captcha` VALUES ('8d0dfe8a-624b-46ee-8ab8-c1f8145161e7', '3310', '2019-09-04 01:16:38');
INSERT INTO `sys_captcha` VALUES ('8d710e54-ffaa-44b2-8c11-afa0615f9a29', '3013', '2019-08-30 09:18:00');
INSERT INTO `sys_captcha` VALUES ('8ed3e633-7e06-481e-8e58-e98484b17347', '6414', '2019-08-01 19:25:08');
INSERT INTO `sys_captcha` VALUES ('9092ecfa-fae1-4c99-8a38-075d5cd26ec0', '9068', '2020-04-24 16:02:21');
INSERT INTO `sys_captcha` VALUES ('923182f0-01de-4267-82fe-3f844b256ac0', '1343', '2019-09-02 15:55:15');
INSERT INTO `sys_captcha` VALUES ('92738ead-f69e-4c01-8960-75f08b018ee6', '5525', '2019-08-06 22:08:19');
INSERT INTO `sys_captcha` VALUES ('92da770c-d2c6-4073-8c05-ef26df82ec6b', '1285', '2019-11-04 17:26:38');
INSERT INTO `sys_captcha` VALUES ('92db03e3-29fc-470e-8fba-3a19c295fa96', '2086', '2020-04-23 02:36:41');
INSERT INTO `sys_captcha` VALUES ('93d6178e-f33a-4878-8a04-2dcd7452ad82', '9904', '2020-01-08 01:45:30');
INSERT INTO `sys_captcha` VALUES ('942535f7-7acc-479d-8292-60134f6eb34c', '2835', '2019-11-29 14:18:11');
INSERT INTO `sys_captcha` VALUES ('944e926b-0f1f-44db-8d77-3909d1d71536', '1433', '2019-09-19 14:25:27');
INSERT INTO `sys_captcha` VALUES ('9588cb0d-6a56-4bf0-8173-59bd7bb3b4f1', '8514', '2019-09-20 17:44:01');
INSERT INTO `sys_captcha` VALUES ('95afad82-8e4d-4d23-866b-8ac03c416393', '3293', '2019-11-29 17:02:38');
INSERT INTO `sys_captcha` VALUES ('9665c55e-e44b-4f42-88dd-418744ea5463', '3233', '2019-08-30 09:37:36');
INSERT INTO `sys_captcha` VALUES ('966dac76-52e9-43e5-8f6d-f6dac9dccb7c', '4340', '2019-09-04 02:09:18');
INSERT INTO `sys_captcha` VALUES ('96cef859-68ba-4361-81d0-f1717be9332c', '4237', '2020-07-22 10:57:31');
INSERT INTO `sys_captcha` VALUES ('98fe97fb-64fe-4eb8-8575-d5d00ff74939', '1376', '2019-11-29 14:16:26');
INSERT INTO `sys_captcha` VALUES ('9a37e181-92aa-444a-8c94-ce8788b1c901', '4259', '2019-07-25 16:01:55');
INSERT INTO `sys_captcha` VALUES ('9b5f924b-e35d-4643-8efa-25d21339851e', '9248', '2020-07-21 15:55:18');
INSERT INTO `sys_captcha` VALUES ('9ba60f25-99d8-4214-86d0-94e970b48c60', '7921', '2019-08-26 00:27:05');
INSERT INTO `sys_captcha` VALUES ('9bb5acd0-d96d-41d3-84d9-60596fb69e7c', '3891', '2019-08-27 13:31:24');
INSERT INTO `sys_captcha` VALUES ('9c157eff-649c-46ce-8205-2f641dba00d0', '7261', '2019-08-02 09:58:45');
INSERT INTO `sys_captcha` VALUES ('9e2a09bd-ee8b-4c12-8ea6-589d2bbd07d1', '1592', '2019-09-23 11:06:23');
INSERT INTO `sys_captcha` VALUES ('9ed3865a-7bea-494b-8e53-8e0ff335db05', '7516', '2020-07-22 13:01:37');
INSERT INTO `sys_captcha` VALUES ('9f231bda-66d3-4ab1-8276-3e67ed2aa343', '8784', '2019-07-25 15:29:47');
INSERT INTO `sys_captcha` VALUES ('a1606350-48b2-49e7-8fe9-15b0efadd6e5', '6558', '2019-11-29 09:58:37');
INSERT INTO `sys_captcha` VALUES ('a177915f-2d38-44cf-8456-56ae51a7889d', '1336', '2019-09-02 12:01:59');
INSERT INTO `sys_captcha` VALUES ('a24bacbe-1a30-491c-8057-04a7ec54ac45', '6814', '2019-07-28 23:01:28');
INSERT INTO `sys_captcha` VALUES ('a4a23eee-2aa5-4760-8a1d-c4f0f4e0d335', '2060', '2020-06-08 14:58:48');
INSERT INTO `sys_captcha` VALUES ('a4cf156f-b574-483f-8beb-feb4d13aa781', '9219', '2019-11-26 16:22:04');
INSERT INTO `sys_captcha` VALUES ('a5b199ad-bec1-47f9-8962-c33b1afdd29a', '3065', '2020-07-21 17:43:20');
INSERT INTO `sys_captcha` VALUES ('a632312b-f2d8-4960-896f-aa66d51982da', '1336', '2020-07-13 18:23:10');
INSERT INTO `sys_captcha` VALUES ('a63e9db5-2f93-4757-85d4-93abaa1f7765', '4834', '2020-07-22 14:56:28');
INSERT INTO `sys_captcha` VALUES ('a669008e-f6df-4ac3-8f6f-b984d03f9982', '2614', '2020-01-09 17:09:58');
INSERT INTO `sys_captcha` VALUES ('a6f6097c-e6f7-4afc-8cc8-83bc48974447', '3271', '2019-08-06 20:26:11');
INSERT INTO `sys_captcha` VALUES ('a7c20734-0b02-453e-82bb-0fc6cf63c199', '8592', '2019-08-29 19:51:20');
INSERT INTO `sys_captcha` VALUES ('a824193b-eb58-4b8a-8022-f4450809f27e', '4958', '2020-07-22 12:07:32');
INSERT INTO `sys_captcha` VALUES ('a8ce1676-90bb-4199-8082-9bc86b65a0bc', '3808', '2020-03-26 14:32:55');
INSERT INTO `sys_captcha` VALUES ('a91c31ea-c502-4f78-86eb-95f3bd02d7d1', '5295', '2020-01-09 10:09:04');
INSERT INTO `sys_captcha` VALUES ('a97c2f1a-59ea-49af-8f62-5920f837a2b0', '5264', '2019-12-06 10:40:54');
INSERT INTO `sys_captcha` VALUES ('aa2b6396-8d62-4ef2-8018-f74f99a25698', '6358', '2020-07-22 13:02:24');
INSERT INTO `sys_captcha` VALUES ('aaaf78ff-d455-4b5d-8118-037ad461118c', '2802', '2020-02-15 20:51:31');
INSERT INTO `sys_captcha` VALUES ('ad91b6b1-b8f7-459f-8f25-ad5f6fbd3cb5', '8971', '2019-08-16 11:36:47');
INSERT INTO `sys_captcha` VALUES ('adabd15b-22ab-4979-83b2-d0e1fd4ddc2b', '8524', '2019-09-19 14:20:05');
INSERT INTO `sys_captcha` VALUES ('ae541b62-3de4-4a78-85a3-7b35775b5967', '4569', '2020-04-23 11:27:02');
INSERT INTO `sys_captcha` VALUES ('ae93dea9-5284-4db4-8126-c7dbd2c427af', '2392', '2019-12-04 15:33:32');
INSERT INTO `sys_captcha` VALUES ('aee63c83-150a-4375-8ddb-7aabc2bc8795', '7098', '2019-12-04 15:41:23');
INSERT INTO `sys_captcha` VALUES ('af1d2fa9-1675-40ad-82ea-e062530da308', '5212', '2019-07-28 22:59:01');
INSERT INTO `sys_captcha` VALUES ('af5d871a-8017-4720-8315-3d625da5276a', '7261', '2019-11-04 10:13:19');
INSERT INTO `sys_captcha` VALUES ('af966fb9-5875-4b35-86ae-30bccaa8fc25', '9018', '2019-08-27 11:34:49');
INSERT INTO `sys_captcha` VALUES ('b0637a1d-0f7d-4461-80d7-5c2975e1a9da', '6981', '2019-09-03 09:10:21');
INSERT INTO `sys_captcha` VALUES ('b0c2c07f-4b5b-4369-89ae-45be82584041', '7204', '2019-11-29 16:59:43');
INSERT INTO `sys_captcha` VALUES ('b210e53f-6e8c-4476-8f2f-2efc465fc2b1', '8302', '2019-07-23 13:35:34');
INSERT INTO `sys_captcha` VALUES ('b2acb514-9c97-4493-8924-7df77ac0b148', '6482', '2019-12-03 11:06:34');
INSERT INTO `sys_captcha` VALUES ('b37eb5e6-1980-4eb4-8a09-5ed411cee159', '8637', '2020-05-15 17:14:50');
INSERT INTO `sys_captcha` VALUES ('b3f9b280-43ce-46a6-8143-29f4fff5e22d', '7301', '2019-11-13 14:53:19');
INSERT INTO `sys_captcha` VALUES ('b53ed6d4-1405-4597-802c-9d543383544c', '4763', '2019-09-02 17:33:11');
INSERT INTO `sys_captcha` VALUES ('b567b827-47fd-484c-88ba-66c144b6406c', '7138', '2019-09-17 21:14:40');
INSERT INTO `sys_captcha` VALUES ('b5a2f80e-c367-4485-8234-932f79a72888', '2725', '2019-09-23 11:36:02');
INSERT INTO `sys_captcha` VALUES ('b5b49a16-0f06-4be0-8904-c551e0735661', '1060', '2019-12-04 15:42:53');
INSERT INTO `sys_captcha` VALUES ('b79d15b0-1676-4650-8970-70d6af626a69', '8406', '2019-09-09 14:55:35');
INSERT INTO `sys_captcha` VALUES ('b7b88926-8a3f-4840-8e4e-69165689a816', '7398', '2019-12-04 15:46:26');
INSERT INTO `sys_captcha` VALUES ('b859ba49-2579-40dd-876d-113164a259a2', '8769', '2019-11-28 11:03:16');
INSERT INTO `sys_captcha` VALUES ('b8ddef11-2e83-40bc-8412-345a0068f496', '8139', '2019-09-19 14:09:19');
INSERT INTO `sys_captcha` VALUES ('b96726f0-c28b-4273-83e4-a405d42f7ff3', '5967', '2019-09-17 21:14:42');
INSERT INTO `sys_captcha` VALUES ('b9e328e6-3d6c-4513-8b88-ef6112dd86cc', '4038', '2019-08-01 16:45:06');
INSERT INTO `sys_captcha` VALUES ('ba7755e4-15b2-42e2-8a6c-205118d88b62', '3470', '2019-12-03 11:06:13');
INSERT INTO `sys_captcha` VALUES ('bb36c16f-3990-4a62-852e-be495c4770c4', '8013', '2020-04-23 11:26:14');
INSERT INTO `sys_captcha` VALUES ('bb9a9d9c-6bdf-4081-81da-5cbb57c3d095', '9313', '2020-06-18 08:52:24');
INSERT INTO `sys_captcha` VALUES ('bbd6083e-737e-4bc5-89a8-0e85e6bcc5ae', '4514', '2019-09-10 09:48:38');
INSERT INTO `sys_captcha` VALUES ('bbed7a13-27c6-4b93-81e9-1f730b5a724a', '1120', '2019-09-20 18:05:00');
INSERT INTO `sys_captcha` VALUES ('bcf740cc-3ed7-414e-868d-8f6f59477250', '2585', '2020-06-17 08:48:31');
INSERT INTO `sys_captcha` VALUES ('bd649b23-49fe-466c-83fd-47c9cd02bbae', '9900', '2019-09-04 00:22:27');
INSERT INTO `sys_captcha` VALUES ('bdb8f0ed-7a47-44ce-889f-ab4daec780c8', '2513', '2020-06-15 09:18:48');
INSERT INTO `sys_captcha` VALUES ('be3cc648-b9ee-467d-82a4-a4e7f4765857', '4560', '2019-08-05 15:38:03');
INSERT INTO `sys_captcha` VALUES ('beabc7e6-3022-4f1d-856d-bac76a93db6e', '9411', '2020-07-22 12:10:50');
INSERT INTO `sys_captcha` VALUES ('bf1fc0ff-18f7-4b8c-8b98-153b2ee51958', '4848', '2019-08-08 14:25:06');
INSERT INTO `sys_captcha` VALUES ('bfe78f62-a97c-4357-81ae-6d819a33d9db', '1350', '2019-08-30 11:11:29');
INSERT INTO `sys_captcha` VALUES ('c01664bd-9aef-4e6c-8b25-af2d123aa14b', '7798', '2019-09-17 21:50:43');
INSERT INTO `sys_captcha` VALUES ('c136a065-6329-4b73-8ce0-8eb88e6c2ca5', '1190', '2019-12-04 15:43:22');
INSERT INTO `sys_captcha` VALUES ('c14f9d23-ecac-47d9-888a-6a784ad81060', '5613', '2020-07-17 18:42:24');
INSERT INTO `sys_captcha` VALUES ('c26a03b4-2f08-4882-86a8-4be77a22a982', '2854', '2020-07-21 17:39:01');
INSERT INTO `sys_captcha` VALUES ('c346705f-e9a3-44f5-8942-d8cdbd565836', '9471', '2020-07-16 22:10:53');
INSERT INTO `sys_captcha` VALUES ('c38faca2-7a20-43b8-8600-f995f78f212f', '6499', '2019-11-28 10:57:24');
INSERT INTO `sys_captcha` VALUES ('c4085d03-d2b7-4e88-88c8-ed43f7b2cc37', '8361', '2020-02-19 18:09:45');
INSERT INTO `sys_captcha` VALUES ('c46150d2-2cc3-413a-8616-62bc087afb9d', '8229', '2019-09-16 17:14:02');
INSERT INTO `sys_captcha` VALUES ('c4d2dce6-572a-4be8-8959-067738a6afe8', '9597', '2019-08-05 19:53:22');
INSERT INTO `sys_captcha` VALUES ('c5edc4a5-487b-4296-8494-ad3dc39a52b5', '7237', '2019-08-08 21:44:29');
INSERT INTO `sys_captcha` VALUES ('c7425399-d623-4162-837e-fbb134b95805', '5645', '2019-11-21 16:32:28');
INSERT INTO `sys_captcha` VALUES ('c7960b1e-614b-420e-868d-5e3123436310', '6518', '2019-09-19 14:08:47');
INSERT INTO `sys_captcha` VALUES ('c7b2a723-aa73-492a-8829-e47ce3642eba', '9227', '2019-12-03 11:35:36');
INSERT INTO `sys_captcha` VALUES ('c8d09cbd-904d-496b-864b-fd38ccdbba40', '6568', '2020-07-21 17:17:34');
INSERT INTO `sys_captcha` VALUES ('ca830432-3456-40eb-8de4-98ee4d9d4703', '9036', '2020-07-22 12:19:14');
INSERT INTO `sys_captcha` VALUES ('cacda27c-8acd-432b-8c56-9570f1cf3b77', '5052', '2020-07-22 20:26:33');
INSERT INTO `sys_captcha` VALUES ('cb4532b8-9832-47c8-80c7-9d00ac3e29e1', '3292', '2020-07-22 15:43:45');
INSERT INTO `sys_captcha` VALUES ('cc7fa1e0-fce1-4134-8e65-837246e5d5cc', '5536', '2019-10-11 09:31:33');
INSERT INTO `sys_captcha` VALUES ('cdaec89f-a987-4ff6-8131-54b34c8b767a', '4353', '2019-09-02 13:37:19');
INSERT INTO `sys_captcha` VALUES ('ce177d92-d162-4f8d-8065-f0822a47a7cc', '1739', '2019-08-08 10:11:39');
INSERT INTO `sys_captcha` VALUES ('ce663cb7-7a45-4aee-865d-783e47233da2', '1945', '2020-07-22 14:57:51');
INSERT INTO `sys_captcha` VALUES ('cf09e248-c42e-41d0-88da-0732d331105a', '5725', '2019-09-20 22:52:16');
INSERT INTO `sys_captcha` VALUES ('cf9d0c6c-874b-47c8-8935-3f31f005ee88', '5296', '2020-05-15 17:18:01');
INSERT INTO `sys_captcha` VALUES ('cff53fb1-ef45-4ead-855e-c7b6304c4258', '5089', '2019-09-16 16:37:25');
INSERT INTO `sys_captcha` VALUES ('d0646baa-7da7-4b9a-8d70-c48aa8615ec7', '7950', '2019-08-29 10:38:35');
INSERT INTO `sys_captcha` VALUES ('d068505f-4470-4445-8a9f-cfb6baebbf06', '1860', '2019-12-23 10:44:14');
INSERT INTO `sys_captcha` VALUES ('d2829b4b-c689-443d-8254-f144802c9e53', '2641', '2019-07-25 13:34:30');
INSERT INTO `sys_captcha` VALUES ('d298f611-8eb4-4269-8ce5-cc883fd8b809', '5579', '2020-07-22 22:56:57');
INSERT INTO `sys_captcha` VALUES ('d2a3f368-2101-4896-8766-134a207c68bc', '3984', '2020-04-23 11:50:32');
INSERT INTO `sys_captcha` VALUES ('d2b22579-4e22-4291-8288-81a5e16107a5', '9831', '2020-07-19 14:42:19');
INSERT INTO `sys_captcha` VALUES ('d34501ec-1d5b-44c5-8811-c00399fa99d1', '5012', '2020-06-09 09:28:25');
INSERT INTO `sys_captcha` VALUES ('d5ad5110-b28e-4209-8fa9-21d81a24d620', '5403', '2019-11-15 23:43:54');
INSERT INTO `sys_captcha` VALUES ('d5e22ad6-fb64-49a5-8aa9-2245ec16d1a3', '1776', '2019-11-21 16:31:56');
INSERT INTO `sys_captcha` VALUES ('d6882a9c-61de-4e78-8987-2a3d84c7acab', '4395', '2019-08-30 09:39:57');
INSERT INTO `sys_captcha` VALUES ('d72165c3-8897-4ded-8fc5-d21bb51e3288', '8073', '2020-02-28 10:48:09');
INSERT INTO `sys_captcha` VALUES ('d80654d1-dd03-46b8-8628-c9aee74660b3', '4063', '2020-04-23 11:27:19');
INSERT INTO `sys_captcha` VALUES ('d85a3862-5fc6-4ca2-8268-6caf26d622b0', '1112', '2020-07-22 12:09:10');
INSERT INTO `sys_captcha` VALUES ('d8f62f7b-faa5-489e-8ea0-404440f4c802', '3888', '2019-09-04 01:54:26');
INSERT INTO `sys_captcha` VALUES ('daf74f14-f21d-4c75-8bad-2c27dc83b6c2', '6690', '2020-03-10 17:09:22');
INSERT INTO `sys_captcha` VALUES ('dbd619db-8838-4170-8fcf-05793ae5b670', '3355', '2020-03-23 16:00:57');
INSERT INTO `sys_captcha` VALUES ('dc71ba4e-6a79-4545-8bda-e8716dd06f4d', '8051', '2020-07-22 10:57:15');
INSERT INTO `sys_captcha` VALUES ('dcf2f564-1ace-4abd-8404-b803a7143d43', '6620', '2019-10-11 09:28:19');
INSERT INTO `sys_captcha` VALUES ('dd370d21-cee6-4db0-8f8d-ac45a667d0f7', '7560', '2019-09-09 17:44:05');
INSERT INTO `sys_captcha` VALUES ('de06506e-def3-4bf8-8381-9c23e6aae2f5', '1630', '2019-08-23 17:49:35');
INSERT INTO `sys_captcha` VALUES ('de9d14f5-3906-4b1e-87e2-4f6b3538aeb3', '9203', '2019-10-11 18:14:47');
INSERT INTO `sys_captcha` VALUES ('dfd087db-0685-44ee-897e-1394986a852d', '3241', '2020-05-15 17:18:09');
INSERT INTO `sys_captcha` VALUES ('e04d4da5-a536-410c-8682-2d30b88b41ba', '3463', '2020-07-22 12:11:55');
INSERT INTO `sys_captcha` VALUES ('e0c6585f-fcde-4e62-8b7a-49f1a24d07fd', '1171', '2019-12-11 20:32:43');
INSERT INTO `sys_captcha` VALUES ('e0d8edb4-043e-4de1-820b-da2525322c5c', '1086', '2019-07-22 10:43:02');
INSERT INTO `sys_captcha` VALUES ('e13c0a7b-becf-4580-8595-a0ff99bf7b3e', '1318', '2019-09-09 18:14:52');
INSERT INTO `sys_captcha` VALUES ('e19c3e17-a877-48b4-8ce4-074b1a99a0ad', '2142', '2019-09-23 11:25:56');
INSERT INTO `sys_captcha` VALUES ('e1f9b6c3-ea4d-46a4-8f25-856fa9984bf4', '7486', '2020-07-21 14:00:11');
INSERT INTO `sys_captcha` VALUES ('e1fd6117-a932-43f8-88e5-30f6e170485b', '6834', '2019-08-30 09:38:23');
INSERT INTO `sys_captcha` VALUES ('e29e9cc1-8e21-4e82-8458-09911eba0f05', '3359', '2019-09-19 14:26:29');
INSERT INTO `sys_captcha` VALUES ('e2aba68f-25a3-40a9-8832-547722399b3b', '1669', '2020-04-23 02:33:54');
INSERT INTO `sys_captcha` VALUES ('e2dbf307-78db-47b0-89f2-770715192b43', '4108', '2019-08-29 10:47:38');
INSERT INTO `sys_captcha` VALUES ('e2e7a96c-4f44-4ba9-8497-74e38acedc37', '5081', '2020-07-21 15:28:08');
INSERT INTO `sys_captcha` VALUES ('e3b085cc-9405-480b-8091-17199b7ed5e7', '3166', '2019-11-13 14:52:41');
INSERT INTO `sys_captcha` VALUES ('e5331f01-2b9b-4308-8e81-a09f0d25b485', '1486', '2019-11-28 11:02:33');
INSERT INTO `sys_captcha` VALUES ('e56be9fd-c463-4003-82bd-ff70c2374698', '1831', '2020-07-22 00:55:01');
INSERT INTO `sys_captcha` VALUES ('e58378c2-fc5c-4b4e-8ef9-2b4b02b99e2f', '2580', '2019-09-09 13:32:30');
INSERT INTO `sys_captcha` VALUES ('e5f2a7ca-9245-46e6-8b8f-5eec4be1e3f0', '7412', '2020-07-22 10:56:21');
INSERT INTO `sys_captcha` VALUES ('e60d2133-dd42-4092-8a86-2ccd6cba55bf', '5139', '2020-05-13 21:26:10');
INSERT INTO `sys_captcha` VALUES ('e78894f3-6d06-4afc-8193-0e7b5f040166', '8097', '2019-09-02 17:21:18');
INSERT INTO `sys_captcha` VALUES ('e7cd1714-50b1-4679-8e0d-b3f15e7fab30', '5181', '2019-10-11 09:31:49');
INSERT INTO `sys_captcha` VALUES ('e82ebfd5-f6b1-4075-8fe3-fd11d7d3bc29', '3369', '2019-10-11 09:31:30');
INSERT INTO `sys_captcha` VALUES ('e8a518b2-de01-4c31-8817-9215ef1eec0c', '7717', '2020-02-21 15:44:54');
INSERT INTO `sys_captcha` VALUES ('e96c421d-8d63-4125-8e47-fd4afced15e0', '5248', '2020-07-21 17:16:48');
INSERT INTO `sys_captcha` VALUES ('e96cdd5b-db55-465d-8a69-e96f4acab2ae', '5753', '2020-07-22 15:36:44');
INSERT INTO `sys_captcha` VALUES ('e985bc0f-b71b-465f-87cf-bd771ca0dbca', '3792', '2019-08-19 23:18:16');
INSERT INTO `sys_captcha` VALUES ('ea9eb1c8-c6e2-441f-809b-3a9b23b0901e', '2604', '2019-07-24 13:39:05');
INSERT INTO `sys_captcha` VALUES ('eb2bbd8c-4105-430a-8b23-aa7a3d1bdf26', '7839', '2019-09-06 02:32:19');
INSERT INTO `sys_captcha` VALUES ('ed086a3c-ebb5-4d05-8e50-98a5de0e97da', '7725', '2019-08-27 11:50:24');
INSERT INTO `sys_captcha` VALUES ('ef11683b-fe0a-4ee6-8d6e-be72df0a8926', '7441', '2019-09-23 23:47:47');
INSERT INTO `sys_captcha` VALUES ('f18e745e-af40-44db-84eb-65ecf3922e49', '9603', '2019-12-03 14:21:18');
INSERT INTO `sys_captcha` VALUES ('f19e90b0-0f60-483c-85e0-592ab884fa48', '2924', '2020-07-22 12:11:09');
INSERT INTO `sys_captcha` VALUES ('f1ecf47b-59c8-4293-878b-963a19c3c7a5', '6694', '2020-01-07 09:44:48');
INSERT INTO `sys_captcha` VALUES ('f2170f82-255e-4a7e-8bc0-835cf69dd181', '8745', '2019-10-11 09:28:24');
INSERT INTO `sys_captcha` VALUES ('f45b5beb-3d97-469a-8a79-56e8b9e20e60', '6704', '2019-11-26 16:22:32');
INSERT INTO `sys_captcha` VALUES ('f4ff9063-56f5-4885-895e-0a5a25358b8e', '4821', '2019-09-02 17:30:32');
INSERT INTO `sys_captcha` VALUES ('f5fcd41b-e618-4a25-8891-75143d55f0e2', '1962', '2020-07-21 13:58:40');
INSERT INTO `sys_captcha` VALUES ('f6256292-7094-4bbf-814d-ef3e1bd89b0a', '2283', '2019-08-20 14:36:47');
INSERT INTO `sys_captcha` VALUES ('f7a3a65d-b3e2-4ffb-8352-bb5a73e2714b', '8281', '2020-01-09 16:56:20');
INSERT INTO `sys_captcha` VALUES ('f90a7d74-4794-405c-8464-46dcd96a325e', '9839', '2019-08-30 09:39:07');
INSERT INTO `sys_captcha` VALUES ('f9a99b12-e766-47d5-85bb-8f1f0da5d221', '9219', '2019-08-08 09:54:21');
INSERT INTO `sys_captcha` VALUES ('f9df337b-dbd1-4550-8d96-427a5c888287', '9169', '2019-11-26 16:21:33');
INSERT INTO `sys_captcha` VALUES ('fae87376-3583-4f3f-8bc6-a056c47f5768', '1220', '2020-07-21 17:18:07');
INSERT INTO `sys_captcha` VALUES ('fc40e8e7-9733-4796-8870-3528c286154f', '6441', '2019-09-20 18:16:16');
INSERT INTO `sys_captcha` VALUES ('fc767d36-80cb-45f1-884a-05e58583dc89', '9964', '2020-04-08 14:52:44');
INSERT INTO `sys_captcha` VALUES ('feba1fc8-ebc2-4cdc-8fa9-f801c93c79f6', '2262', '2019-08-01 19:12:10');
INSERT INTO `sys_captcha` VALUES ('febce424-bd32-4086-8fe9-9be6461c88f5', '3474', '2019-07-24 15:44:24');
INSERT INTO `sys_captcha` VALUES ('ff2b45e3-ac1e-4d01-8cc8-f8469fd09e31', '2518', '2019-10-11 09:28:27');

-- ----------------------------
-- Table structure for sys_config
-- ----------------------------
DROP TABLE IF EXISTS `sys_config`;
CREATE TABLE `sys_config` (
  `id` bigint NOT NULL AUTO_INCREMENT,
  `param_key` varchar(50) CHARACTER SET utf8 COLLATE utf8_general_ci DEFAULT NULL COMMENT 'key',
  `param_value` varchar(2000) CHARACTER SET utf8 COLLATE utf8_general_ci DEFAULT NULL COMMENT 'value',
  `status` tinyint DEFAULT '1' COMMENT '状态   0：隐藏   1：显示',
  `remark` varchar(500) CHARACTER SET utf8 COLLATE utf8_general_ci DEFAULT NULL COMMENT '备注',
  PRIMARY KEY (`id`),
  UNIQUE KEY `param_key` (`param_key`) USING BTREE
) ENGINE=InnoDB AUTO_INCREMENT=2 DEFAULT CHARSET=utf8 COMMENT='系统配置信息表';

-- ----------------------------
-- Records of sys_config
-- ----------------------------
INSERT INTO `sys_config` VALUES ('1', 'CLOUD_STORAGE_CONFIG_KEY', '{\"aliyunAccessKeyId\":\"\",\"aliyunAccessKeySecret\":\"\",\"aliyunBucketName\":\"\",\"aliyunDomain\":\"\",\"aliyunEndPoint\":\"\",\"aliyunPrefix\":\"\",\"qcloudBucketName\":\"\",\"qcloudDomain\":\"\",\"qcloudPrefix\":\"\",\"qcloudSecretId\":\"\",\"qcloudSecretKey\":\"\",\"qiniuAccessKey\":\"NrgMfABZxWLo5B-YYSjoE8-AZ1EISdi1Z3ubLOeZ\",\"qiniuBucketName\":\"ios-app\",\"qiniuDomain\":\"http://7xqbwh.dl1.z0.glb.clouddn.com\",\"qiniuPrefix\":\"upload\",\"qiniuSecretKey\":\"uIwJHevMRWU0VLxFvgy0tAcOdGqasdtVlJkdy6vV\",\"type\":1}', '1', '云存储配置信息');

-- ----------------------------
-- Table structure for sys_log
-- ----------------------------
DROP TABLE IF EXISTS `sys_log`;
CREATE TABLE `sys_log` (
  `id` bigint NOT NULL AUTO_INCREMENT,
  `username` varchar(50) CHARACTER SET utf8 COLLATE utf8_general_ci DEFAULT NULL COMMENT '用户名',
  `operation` varchar(50) CHARACTER SET utf8 COLLATE utf8_general_ci DEFAULT NULL COMMENT '用户操作',
  `method` varchar(200) CHARACTER SET utf8 COLLATE utf8_general_ci DEFAULT NULL COMMENT '请求方法',
  `params` varchar(5000) CHARACTER SET utf8 COLLATE utf8_general_ci DEFAULT NULL COMMENT '请求参数',
  `time` bigint NOT NULL COMMENT '执行时长(毫秒)',
  `ip` varchar(64) CHARACTER SET utf8 COLLATE utf8_general_ci DEFAULT NULL COMMENT 'IP地址',
  `create_date` datetime DEFAULT NULL COMMENT '创建时间',
  PRIMARY KEY (`id`)
) ENGINE=InnoDB AUTO_INCREMENT=3042 DEFAULT CHARSET=utf8 COMMENT='系统日志';

-- ----------------------------
-- Records of sys_log
-- ----------------------------
INSERT INTO `sys_log` VALUES ('3040', '平台管理员', '获取登录的用户信息', 'com.mybatis.plus.sys.controller.UserController.info()', '[]', '14', '0:0:0:0:0:0:0:1', '2020-08-17 16:11:17');
INSERT INTO `sys_log` VALUES ('3041', '平台管理员', '获取登录的用户信息', 'com.mybatis.plus.sys.controller.UserController.info()', '[]', '14', '0:0:0:0:0:0:0:1', '2020-08-17 16:14:40');

-- ----------------------------
-- Table structure for sys_menu
-- ----------------------------
DROP TABLE IF EXISTS `sys_menu`;
CREATE TABLE `sys_menu` (
  `menu_id` bigint NOT NULL AUTO_INCREMENT,
  `parent_id` bigint DEFAULT NULL COMMENT '父菜单ID，一级菜单为0',
  `name` varchar(50) CHARACTER SET utf8 COLLATE utf8_general_ci DEFAULT NULL COMMENT '菜单名称',
  `url` varchar(200) CHARACTER SET utf8 COLLATE utf8_general_ci DEFAULT NULL COMMENT '菜单URL',
  `perms` varchar(500) CHARACTER SET utf8 COLLATE utf8_general_ci DEFAULT NULL COMMENT '授权(多个用逗号分隔，如：user:list,user:create)',
  `type` int DEFAULT NULL COMMENT '类型   0：目录   1：菜单   2：按钮',
  `icon` varchar(50) CHARACTER SET utf8 COLLATE utf8_general_ci DEFAULT NULL COMMENT '菜单图标',
  `order_num` int DEFAULT NULL COMMENT '排序',
  PRIMARY KEY (`menu_id`)
) ENGINE=InnoDB AUTO_INCREMENT=409 DEFAULT CHARSET=utf8 COMMENT='菜单管理';

-- ----------------------------
-- Records of sys_menu
-- ----------------------------
INSERT INTO `sys_menu` VALUES ('1', '0', '系统管理', null, null, '0', 'system', '0');
INSERT INTO `sys_menu` VALUES ('2', '1', '账号列表', 'sys/user', null, '1', 'admin', '1');
INSERT INTO `sys_menu` VALUES ('3', '1', '角色管理', 'sys/role', null, '1', 'role', '2');
INSERT INTO `sys_menu` VALUES ('4', '1', '菜单管理', 'sys/menu', null, '1', 'menu', '3');
INSERT INTO `sys_menu` VALUES ('15', '2', '查看', null, 'sys:user:list,sys:user:info', '2', null, '0');
INSERT INTO `sys_menu` VALUES ('16', '2', '新增', null, 'sys:user:save,sys:role:select', '2', null, '0');
INSERT INTO `sys_menu` VALUES ('17', '2', '修改', null, 'sys:user:update,sys:role:select', '2', null, '0');
INSERT INTO `sys_menu` VALUES ('18', '2', '删除', null, 'sys:user:delete', '2', null, '0');
INSERT INTO `sys_menu` VALUES ('19', '3', '查看', null, 'sys:role:list,sys:role:info', '2', null, '0');
INSERT INTO `sys_menu` VALUES ('20', '3', '新增', null, 'sys:role:save,sys:menu:list', '2', null, '0');
INSERT INTO `sys_menu` VALUES ('21', '3', '修改', null, 'sys:role:update,sys:menu:list', '2', null, '0');
INSERT INTO `sys_menu` VALUES ('22', '3', '删除', null, 'sys:role:delete', '2', null, '0');
INSERT INTO `sys_menu` VALUES ('23', '4', '查看', null, 'sys:menu:list,sys:menu:info', '2', null, '0');
INSERT INTO `sys_menu` VALUES ('24', '4', '新增', null, 'sys:menu:save,sys:menu:select', '2', null, '0');
INSERT INTO `sys_menu` VALUES ('25', '4', '修改', null, 'sys:menu:update,sys:menu:select', '2', null, '0');
INSERT INTO `sys_menu` VALUES ('26', '4', '删除', null, 'sys:menu:delete', '2', null, '0');
INSERT INTO `sys_menu` VALUES ('27', '1', '参数管理', 'sys/config', 'sys:config:list,sys:config:info,sys:config:save,sys:config:update,sys:config:delete', '1', 'config', '6');
INSERT INTO `sys_menu` VALUES ('29', '1', '系统日志', 'sys/log', 'sys:log:list', '1', 'log', '7');

-- ----------------------------
-- Table structure for sys_role
-- ----------------------------
DROP TABLE IF EXISTS `sys_role`;
CREATE TABLE `sys_role` (
  `role_id` bigint NOT NULL AUTO_INCREMENT,
  `role_code` varchar(30) CHARACTER SET utf8 COLLATE utf8_general_ci DEFAULT NULL COMMENT '角色编码（ADMIN、PLATFORM、PROVINCE、CITY、AREA、SCHOOL、TEACHER）',
  `role_name` varchar(100) CHARACTER SET utf8 COLLATE utf8_general_ci DEFAULT NULL COMMENT '角色名称',
  `remark` varchar(100) CHARACTER SET utf8 COLLATE utf8_general_ci DEFAULT NULL COMMENT '备注',
  `create_user_id` bigint DEFAULT NULL COMMENT '创建者ID',
  `create_time` datetime DEFAULT NULL COMMENT '创建时间',
  PRIMARY KEY (`role_id`),
  UNIQUE KEY `sys_role_u1` (`role_code`) USING BTREE
) ENGINE=InnoDB AUTO_INCREMENT=12 DEFAULT CHARSET=utf8 COMMENT='角色';

-- ----------------------------
-- Records of sys_role
-- ----------------------------
INSERT INTO `sys_role` VALUES ('1', 'ADMIN', '超级管理员', '超级管理员', '1', '2019-05-12 20:45:55');
INSERT INTO `sys_role` VALUES ('10', 'PLATFORM', '平台管理员', '平台管理员', '1', '2019-05-31 15:48:12');

-- ----------------------------
-- Table structure for sys_role_menu
-- ----------------------------
DROP TABLE IF EXISTS `sys_role_menu`;
CREATE TABLE `sys_role_menu` (
  `id` bigint NOT NULL AUTO_INCREMENT,
  `role_id` bigint DEFAULT NULL COMMENT '角色ID',
  `menu_id` bigint DEFAULT NULL COMMENT '菜单ID',
  PRIMARY KEY (`id`)
) ENGINE=InnoDB AUTO_INCREMENT=13655 DEFAULT CHARSET=utf8 COMMENT='角色与菜单对应关系';

-- ----------------------------
-- Records of sys_role_menu
-- ----------------------------
INSERT INTO `sys_role_menu` VALUES ('13293', '1', '1');
INSERT INTO `sys_role_menu` VALUES ('13294', '1', '2');
INSERT INTO `sys_role_menu` VALUES ('13295', '1', '15');
INSERT INTO `sys_role_menu` VALUES ('13296', '1', '16');
INSERT INTO `sys_role_menu` VALUES ('13297', '1', '17');
INSERT INTO `sys_role_menu` VALUES ('13298', '1', '18');
INSERT INTO `sys_role_menu` VALUES ('13299', '1', '3');
INSERT INTO `sys_role_menu` VALUES ('13300', '1', '19');
INSERT INTO `sys_role_menu` VALUES ('13301', '1', '20');
INSERT INTO `sys_role_menu` VALUES ('13302', '1', '21');
INSERT INTO `sys_role_menu` VALUES ('13303', '1', '22');
INSERT INTO `sys_role_menu` VALUES ('13304', '1', '4');
INSERT INTO `sys_role_menu` VALUES ('13305', '1', '23');
INSERT INTO `sys_role_menu` VALUES ('13306', '1', '24');
INSERT INTO `sys_role_menu` VALUES ('13307', '1', '25');
INSERT INTO `sys_role_menu` VALUES ('13308', '1', '26');
INSERT INTO `sys_role_menu` VALUES ('13319', '1', '27');
INSERT INTO `sys_role_menu` VALUES ('13320', '1', '29');
INSERT INTO `sys_role_menu` VALUES ('13624', '10', '1');
INSERT INTO `sys_role_menu` VALUES ('13625', '10', '2');
INSERT INTO `sys_role_menu` VALUES ('13626', '10', '3');
INSERT INTO `sys_role_menu` VALUES ('13627', '10', '4');
INSERT INTO `sys_role_menu` VALUES ('13628', '10', '15');
INSERT INTO `sys_role_menu` VALUES ('13629', '10', '16');
INSERT INTO `sys_role_menu` VALUES ('13630', '10', '17');
INSERT INTO `sys_role_menu` VALUES ('13631', '10', '18');
INSERT INTO `sys_role_menu` VALUES ('13632', '10', '19');
INSERT INTO `sys_role_menu` VALUES ('13633', '10', '20');
INSERT INTO `sys_role_menu` VALUES ('13634', '10', '21');
INSERT INTO `sys_role_menu` VALUES ('13635', '10', '22');
INSERT INTO `sys_role_menu` VALUES ('13636', '10', '23');
INSERT INTO `sys_role_menu` VALUES ('13637', '10', '24');
INSERT INTO `sys_role_menu` VALUES ('13638', '10', '25');
INSERT INTO `sys_role_menu` VALUES ('13639', '10', '26');
INSERT INTO `sys_role_menu` VALUES ('13640', '10', '27');
INSERT INTO `sys_role_menu` VALUES ('13641', '10', '29');

-- ----------------------------
-- Table structure for sys_user
-- ----------------------------
DROP TABLE IF EXISTS `sys_user`;
CREATE TABLE `sys_user` (
  `user_id` bigint unsigned NOT NULL AUTO_INCREMENT,
  `username` varchar(24) CHARACTER SET utf8 COLLATE utf8_general_ci NOT NULL COMMENT '用户名',
  `password` varchar(70) CHARACTER SET utf8 COLLATE utf8_general_ci NOT NULL DEFAULT '8d969eef6ecad3c29a3a629280e686cf0c3f5d5a86aff3ca12020c923adc6c92' COMMENT '密码',
  `salt` varchar(20) CHARACTER SET utf8 COLLATE utf8_general_ci DEFAULT NULL COMMENT '盐',
  `email` varchar(32) CHARACTER SET utf8 COLLATE utf8_general_ci DEFAULT NULL COMMENT '邮箱',
  `mobile` varchar(16) CHARACTER SET utf8 COLLATE utf8_general_ci NOT NULL COMMENT '手机号',
  `status` tinyint unsigned DEFAULT '1' COMMENT '状态  0：禁用   1：正常',
  `data_id` bigint unsigned DEFAULT NULL COMMENT '数据ID，school_id,student_id,province_id',
  `data_name` varchar(32) CHARACTER SET utf8 COLLATE utf8_general_ci DEFAULT '未填写' COMMENT '名称,区域为区域名 学校为学校名 教师为教师名',
  `type` varchar(16) CHARACTER SET utf8 COLLATE utf8_general_ci DEFAULT NULL COMMENT '用户类型，Student,Teacher',
  `is_actived` tinyint unsigned NOT NULL DEFAULT '0' COMMENT '是否激活，0：未激活，1：激活',
  `create_user_id` bigint unsigned DEFAULT NULL COMMENT '创建者ID',
  `create_time` datetime DEFAULT NULL COMMENT '创建时间',
  `open_id` varchar(255) CHARACTER SET utf8 COLLATE utf8_general_ci DEFAULT NULL COMMENT '微信公众号openId',
  PRIMARY KEY (`user_id`),
  UNIQUE KEY `username` (`username`) USING BTREE,
  UNIQUE KEY `mobile` (`mobile`) USING BTREE
) ENGINE=InnoDB AUTO_INCREMENT=551 DEFAULT CHARSET=utf8 COMMENT='系统用户';

-- ----------------------------
-- Records of sys_user
-- ----------------------------
INSERT INTO `sys_user` VALUES ('1', 'admin', '9ec9750e709431dad22365cabc5c625482e574c74adaebba7dd02f1129e4ce1d', 'YzcmCZNvbXocrsz9dm8e', 'admin@qq.com', '12456662222', '1', '1', '超超管', 'ADMIN', '1', '1', '2016-11-11 11:11:11', null);
INSERT INTO `sys_user` VALUES ('376', '平台管理员', 'e143cbdeb4d34583c45020065649f78287eadf9067549b59cd113e5c35bb87e9', 'qITUVIKUQ32ApR3BHIvU', '199@qq.com', '12300000000', '1', '1', '平台管理员', 'PLATFORM', '1', '1', '2019-07-24 15:42:39', null);

-- ----------------------------
-- Table structure for sys_user_role
-- ----------------------------
DROP TABLE IF EXISTS `sys_user_role`;
CREATE TABLE `sys_user_role` (
  `id` bigint NOT NULL AUTO_INCREMENT,
  `user_id` bigint DEFAULT NULL COMMENT '用户ID',
  `role_id` bigint DEFAULT NULL COMMENT '角色ID',
  PRIMARY KEY (`id`)
) ENGINE=InnoDB AUTO_INCREMENT=491 DEFAULT CHARSET=utf8 COMMENT='用户与角色对应关系';

-- ----------------------------
-- Records of sys_user_role
-- ----------------------------
INSERT INTO `sys_user_role` VALUES ('442', '376', '10');
INSERT INTO `sys_user_role` VALUES ('477', '1', '1');

-- ----------------------------
-- Table structure for sys_user_token
-- ----------------------------
DROP TABLE IF EXISTS `sys_user_token`;
CREATE TABLE `sys_user_token` (
  `user_id` bigint NOT NULL,
  `token` varchar(100) CHARACTER SET utf8 COLLATE utf8_general_ci NOT NULL COMMENT 'token',
  `expire_time` datetime DEFAULT NULL COMMENT '过期时间',
  `update_time` datetime DEFAULT NULL COMMENT '更新时间',
  PRIMARY KEY (`user_id`),
  UNIQUE KEY `token` (`token`) USING BTREE
) ENGINE=InnoDB DEFAULT CHARSET=utf8 COMMENT='系统用户Token';

-- ----------------------------
-- Records of sys_user_token
-- ----------------------------
INSERT INTO `sys_user_token` VALUES ('1', '17c373c1345454a0b3ba26476d0db836', '2020-07-23 10:18:18', '2020-07-22 22:18:18');
INSERT INTO `sys_user_token` VALUES ('375', '096dcf03eef5d929ae1e93be41ad1c7d', '2020-07-23 03:28:56', '2020-07-22 15:28:56');
INSERT INTO `sys_user_token` VALUES ('376', '9c6012d78a3a29f54396f26bc9b4bbeb', '2020-08-18 02:48:46', '2020-08-17 14:48:46');
INSERT INTO `sys_user_token` VALUES ('377', 'c3269db98b0b462da70c74fec2662462', '2020-07-23 00:03:29', '2020-07-22 12:03:29');
INSERT INTO `sys_user_token` VALUES ('378', '9b57296d6554786f4c43a0eae2ee8443', '2019-08-30 10:22:42', '2019-08-29 22:22:42');
INSERT INTO `sys_user_token` VALUES ('379', 'a2944da75a0cb859d29d297925eb954d', '2020-07-23 03:31:50', '2020-07-22 15:31:50');
INSERT INTO `sys_user_token` VALUES ('380', '739ebe54d45c3d932189081df202b61e', '2020-07-23 00:55:18', '2020-07-22 12:55:18');
INSERT INTO `sys_user_token` VALUES ('381', 'e4775376a69c97c78a71b4d9a72569d5', '2019-08-09 09:45:17', '2019-08-08 21:45:17');
INSERT INTO `sys_user_token` VALUES ('382', '2ce770dbdeb4c6b51c709db47f39706b', '2020-04-11 03:25:17', '2020-04-10 15:25:17');
INSERT INTO `sys_user_token` VALUES ('384', '82a56746d11c6e0f90066a9044558fb4', '2019-08-23 00:40:04', '2019-08-22 12:40:04');
INSERT INTO `sys_user_token` VALUES ('385', '140bc6b550d51135c390c2b1ae352e99', '2020-04-23 23:37:22', '2020-04-23 11:37:22');
INSERT INTO `sys_user_token` VALUES ('386', '14b5fa9788b8023d95574ae2f39f969a', '2019-11-28 22:57:42', '2019-11-28 10:57:42');
INSERT INTO `sys_user_token` VALUES ('387', '686da45608361f1edd7053d64439bbb6', '2019-08-06 22:34:17', '2019-08-06 10:34:17');
INSERT INTO `sys_user_token` VALUES ('388', '87c70f3998e22130d48de179973a46e5', '2019-08-06 22:35:23', '2019-08-06 10:35:23');
INSERT INTO `sys_user_token` VALUES ('389', '67b436b576770dfeb453e3b1d3d4f647', '2019-08-07 01:09:48', '2019-08-06 13:09:48');
INSERT INTO `sys_user_token` VALUES ('390', '6285a8fad6f5f92e93a89a65faa0df99', '2019-07-27 02:26:16', '2019-07-26 14:26:16');
INSERT INTO `sys_user_token` VALUES ('391', '3e37f4961a0ac2fdc155abd6b893f950', '2020-07-23 00:55:41', '2020-07-22 12:55:41');
INSERT INTO `sys_user_token` VALUES ('395', '41683e4081cef00e93afaa059f740d85', '2020-07-23 00:06:18', '2020-07-22 12:06:18');
INSERT INTO `sys_user_token` VALUES ('397', 'c1d7adfef1bda4f90439dd410564865e', '2019-08-16 22:16:10', '2019-08-16 10:16:10');
INSERT INTO `sys_user_token` VALUES ('398', 'caf737470d09f9565c7805581bb542b1', '2019-08-07 01:18:28', '2019-08-06 13:18:28');
INSERT INTO `sys_user_token` VALUES ('399', '9aa0ec8e95b8b40f58b1b9a1bfb33a63', '2019-08-07 01:18:57', '2019-08-06 13:18:57');
INSERT INTO `sys_user_token` VALUES ('400', '3a0af9cf30d5397ec0fd4e802ce2e3ee', '2019-08-30 09:12:21', '2019-08-29 21:12:21');
INSERT INTO `sys_user_token` VALUES ('401', 'e64e39128f53a2f9e22c8dea827654ee', '2020-07-23 00:12:45', '2020-07-22 12:12:45');
INSERT INTO `sys_user_token` VALUES ('402', '2298dc6ab2ef560863157ac9b5fe9025', '2019-09-04 05:17:08', '2019-09-03 17:17:08');
INSERT INTO `sys_user_token` VALUES ('403', 'f0bf7d62f5db8ec7fbd9a5f0e724b3ae', '2019-12-05 03:26:56', '2019-12-04 15:26:56');
INSERT INTO `sys_user_token` VALUES ('404', '0990fa07fd4518bdb08c1497cba74fe6', '2019-09-04 05:17:23', '2019-09-03 17:17:23');
INSERT INTO `sys_user_token` VALUES ('408', '6b86e0f00a3754973a41c7ffb6dece1d', '2020-05-18 20:58:10', '2020-05-18 08:58:10');
INSERT INTO `sys_user_token` VALUES ('409', '02d487c961ece4686e683628d510b542', '2020-07-23 00:04:15', '2020-07-22 12:04:15');
INSERT INTO `sys_user_token` VALUES ('410', 'd1fd875e9f701eeb7051557ae51dc806', '2020-07-23 00:05:57', '2020-07-22 12:05:57');
INSERT INTO `sys_user_token` VALUES ('412', '62c6be6af2ab7cf65839cae4a3ec931c', '2020-07-23 00:14:21', '2020-07-22 12:14:21');
INSERT INTO `sys_user_token` VALUES ('413', 'cf31fdb57ca315f915c8df7d01a624b5', '2020-07-23 03:39:01', '2020-07-22 15:39:01');
INSERT INTO `sys_user_token` VALUES ('415', 'dc200a636f13d3cfd73be308fd17c5f9', '2020-06-16 21:57:02', '2020-06-16 09:57:02');
INSERT INTO `sys_user_token` VALUES ('416', 'f04ac6364633d8e441bb17a9408db15c', '2020-07-23 03:42:00', '2020-07-22 15:42:00');
INSERT INTO `sys_user_token` VALUES ('417', 'a8c14ff8963686b46f2339d45e3e1fe3', '2020-04-09 02:29:46', '2020-04-08 14:29:46');
